INSERT INTO products (product_id, product_name, product_description, product_price, product_category, in_stock) VALUES (1, 'Apple iPhone 13', 'Latest model of iPhone with A15 Bionic chip', 999.99, 'Electronics', 1)
INSERT INTO products (product_id, product_name, product_description, product_price, product_category, in_stock) VALUES (2, 'Nike Air Force 1', 'Classic Nike sneakers in white', 90.00, 'Footwear', 1)
INSERT INTO products (product_id, product_name, product_description, product_price, product_category, in_stock) VALUES (3, 'The Alchemist', 'A novel by Paulo Coelho', 10.99, 'Books', 1)

INSERT INTO sellers (seller_id, seller_name, seller_email, seller_contact_number, seller_address) VALUES (1, 'John Doe', 'johndoe@example.com', '1234567890', '123 Main St, Anytown, USA')
INSERT INTO sellers (seller_id, seller_name, seller_email, seller_contact_number, seller_address) VALUES (2, 'Jane Smith', 'janesmith@example.com', '0987654321', '456 High St, Sometown, USA')
INSERT INTO sellers (seller_id, seller_name, seller_email, seller_contact_number, seller_address) VALUES (3, 'Bob Johnson', 'bobjohnson@example.com', '1122334455', '789 Low St, Othertown, USA')

INSERT INTO sales_transaction (transaction_id, product_id, seller_id, quantity, transaction_date) VALUES (1, 1, 3, 3, '2024-02-01')
INSERT INTO sales_transaction (transaction_id, product_id, seller_id, quantity, transaction_date) VALUES (2, 1, 3, 3, '2024-02-01')
INSERT INTO sales_transaction (transaction_id, product_id, seller_id, quantity, transaction_date) VALUES (3, 1, 1, 3, '2024-02-01')
INSERT INTO sales_transaction (transaction_id, product_id, seller_id, quantity, transaction_date) VALUES (4, 1, 1, 3, '2024-02-01')
INSERT INTO sales_transaction (transaction_id, product_id, seller_id, quantity, transaction_date) VALUES (5, 1, 2, 3, '2024-02-01')
INSERT INTO sales_transaction (transaction_id, product_id, seller_id, quantity, transaction_date) VALUES (6, 1, 1, 3, '2024-02-01')
INSERT INTO sales_transaction (transaction_id, product_id, seller_id, quantity, transaction_date) VALUES (7, 1, 1, 3, '2024-02-02')
INSERT INTO sales_transaction (transaction_id, product_id, seller_id, quantity, transaction_date) VALUES (8, 1, 2, 3, '2024-02-02')
INSERT INTO sales_transaction (transaction_id, product_id, seller_id, quantity, transaction_date) VALUES (9, 1, 2, 3, '2024-02-02')
INSERT INTO sales_transaction (transaction_id, product_id, seller_id, quantity, transaction_date) VALUES (10, 1, 2, 3, '2024-02-03')
INSERT INTO sales_transaction (transaction_id, product_id, seller_id, quantity, transaction_date) VALUES (11, 2, 1, 3, '2024-02-03')
INSERT INTO sales_transaction (transaction_id, product_id, seller_id, quantity, transaction_date) VALUES (12, 2, 1, 3, '2024-02-03')
INSERT INTO sales_transaction (transaction_id, product_id, seller_id, quantity, transaction_date) VALUES (13, 2, 1, 3, '2024-02-10')
INSERT INTO sales_transaction (transaction_id, product_id, seller_id, quantity, transaction_date) VALUES (14, 2, 1, 3, '2024-02-10')
INSERT INTO sales_transaction (transaction_id, product_id, seller_id, quantity, transaction_date) VALUES (15, 2, 1, 3, '2024-02-10')
INSERT INTO sales_transaction (transaction_id, product_id, seller_id, quantity, transaction_date) VALUES (16, 2, 3, 3, '2024-02-11')
INSERT INTO sales_transaction (transaction_id, product_id, seller_id, quantity, transaction_date) VALUES (17, 2, 2, 3, '2024-02-15')
INSERT INTO sales_transaction (transaction_id, product_id, seller_id, quantity, transaction_date) VALUES (18, 2, 1, 3, '2024-02-15')
INSERT INTO sales_transaction (transaction_id, product_id, seller_id, quantity, transaction_date) VALUES (19, 2, 1, 3, '2024-02-15')
INSERT INTO sales_transaction (transaction_id, product_id, seller_id, quantity, transaction_date) VALUES (20, 2, 1, 3, '2024-02-20')
INSERT INTO sales_transaction (transaction_id, product_id, seller_id, quantity, transaction_date) VALUES (21, 3, 3, 3, '2024-02-20')
INSERT INTO sales_transaction (transaction_id, product_id, seller_id, quantity, transaction_date) VALUES (22, 3, 1, 3, '2024-02-20')
INSERT INTO sales_transaction (transaction_id, product_id, seller_id, quantity, transaction_date) VALUES (23, 3, 1, 3, '2024-02-21')
INSERT INTO sales_transaction (transaction_id, product_id, seller_id, quantity, transaction_date) VALUES (24, 3, 2, 3, '2024-02-21')
INSERT INTO sales_transaction (transaction_id, product_id, seller_id, quantity, transaction_date) VALUES (25, 3, 1, 3, '2024-02-28')
INSERT INTO sales_transaction (transaction_id, product_id, seller_id, quantity, transaction_date) VALUES (26, 3, 1, 3, '2024-02-28')
INSERT INTO sales_transaction (transaction_id, product_id, seller_id, quantity, transaction_date) VALUES (27, 3, 1, 3, '2024-02-29')
INSERT INTO sales_transaction (transaction_id, product_id, seller_id, quantity, transaction_date) VALUES (28, 3, 2, 3, '2024-02-29')
INSERT INTO sales_transaction (transaction_id, product_id, seller_id, quantity, transaction_date) VALUES (29, 3, 3, 3, '2024-02-29')
INSERT INTO sales_transaction (transaction_id, product_id, seller_id, quantity, transaction_date) VALUES (30, 3, 1, 3, '2024-02-29')
